,NN,NNP,NNS,NNPS,JJ,JJR,JJS,V
Quo Vadis (1951).txt,0.3185840707964602,0.1592920353982301,0.07079646017699115,0.0,0.09734513274336283,0.008849557522123894,0.0,0.34513274336283184
A Room with a View.txt,0.1875,0.21875,0.0,0.0,0.1875,0.0,0.0,0.40625
A Divorciada.txt,0.4375,0.0,0.0,0.0,0.1875,0.0,0.0625,0.3125
Spotlight (filme).txt,0.25,0.21323529411764705,0.10294117647058823,0.0,0.051470588235294115,0.007352941176470588,0.0,0.375
All the President's Men.txt,0.29545454545454547,0.12121212121212122,0.09848484848484848,0.0,0.16666666666666666,0.007575757575757576,0.0,0.3106060606060606
Barry Lyndon.txt,0.2916666666666667,0.10833333333333334,0.075,0.0,0.14166666666666666,0.0,0.0,0.38333333333333336
A Lista de Schindler.txt,0.2624113475177305,0.18439716312056736,0.14184397163120568,0.0070921985815602835,0.06382978723404255,0.0070921985815602835,0.0,0.3333333333333333
Por Quem os Sinos Dobram (filme).txt,0.3333333333333333,0.08333333333333333,0.08333333333333333,0.0,0.25,0.0,0.0,0.25
Moulin Rouge (1952).txt,0.3017241379310345,0.28448275862068967,0.08620689655172414,0.0,0.08620689655172414,0.0,0.0,0.2413793103448276
"Three Billboards Outside Ebbing, Missouri.txt",0.3235294117647059,0.23529411764705882,0.08823529411764706,0.0,0.11764705882352941,0.0,0.0,0.23529411764705882
Hacksaw Ridge.txt,0.3546099290780142,0.15602836879432624,0.06382978723404255,0.0,0.07801418439716312,0.0,0.0,0.3475177304964539
Nicholas and Alexandra.txt,0.27450980392156865,0.1437908496732026,0.1111111111111111,0.0,0.16993464052287582,0.0,0.0,0.3006535947712418
Jerry Maguire.txt,0.42857142857142855,0.07936507936507936,0.015873015873015872,0.0,0.15873015873015872,0.0,0.0,0.31746031746031744
Bugsy.txt,0.3448275862068966,0.3103448275862069,0.034482758620689655,0.0,0.06896551724137931,0.0,0.0,0.2413793103448276
Munique (filme).txt,0.24050632911392406,0.33544303797468356,0.12658227848101267,0.0,0.06329113924050633,0.0,0.0,0.23417721518987342
O Senhor dos Anéis: As Duas Torres.txt,0.19008264462809918,0.36363636363636365,0.049586776859504134,0.024793388429752067,0.06611570247933884,0.0,0.0,0.30578512396694213
Five Star Final.txt,0.34615384615384615,0.0,0.15384615384615385,0.0,0.038461538461538464,0.038461538461538464,0.0,0.4230769230769231
The Towering Inferno.txt,0.35526315789473684,0.13157894736842105,0.11842105263157894,0.0,0.07894736842105263,0.0,0.013157894736842105,0.3026315789473684
In Old Chicago.txt,0.3424657534246575,0.136986301369863,0.0547945205479452,0.0,0.0684931506849315,0.0,0.0,0.3972602739726027
Mr. Smith Goes to Washington.txt,0.35135135135135137,0.13513513513513514,0.10810810810810811,0.02702702702702703,0.08108108108108109,0.0,0.0,0.2972972972972973
Midnight Cowboy.txt,0.3055555555555556,0.1388888888888889,0.1111111111111111,0.0,0.1388888888888889,0.0,0.0,0.3055555555555556
Laços de Ternura.txt,0.4583333333333333,0.0,0.041666666666666664,0.0,0.125,0.0,0.0,0.375
The Godfather Part II.txt,0.2661290322580645,0.2903225806451613,0.07258064516129033,0.0,0.08064516129032258,0.0,0.0,0.2903225806451613
Minari.txt,0.47368421052631576,0.10526315789473684,0.0,0.0,0.3157894736842105,0.0,0.0,0.10526315789473684
Um Sonho Possível.txt,0.44025157232704404,0.11949685534591195,0.03773584905660377,0.0,0.06289308176100629,0.0,0.0,0.33962264150943394
The Broadway Melody.txt,0.13636363636363635,0.36363636363636365,0.18181818181818182,0.0,0.13636363636363635,0.0,0.0,0.18181818181818182
Hamlet (filme de 1948).txt,0.34814814814814815,0.14074074074074075,0.08148148148148149,0.0,0.044444444444444446,0.0,0.0,0.3851851851851852
Field of Dreams.txt,0.2809917355371901,0.09917355371900827,0.09090909090909091,0.0,0.12396694214876033,0.0,0.008264462809917356,0.39669421487603307
East Lynne (1931).txt,0.23529411764705882,0.17647058823529413,0.17647058823529413,0.0,0.17647058823529413,0.0,0.0,0.23529411764705882
Kramer vs. Kramer.txt,0.3888888888888889,0.1111111111111111,0.08333333333333333,0.0,0.05555555555555555,0.0,0.0,0.3611111111111111
To Kill a Mockingbird (filme).txt,0.30357142857142855,0.19642857142857142,0.08928571428571429,0.0,0.17857142857142858,0.0,0.0,0.23214285714285715
Um Lugar no Coração.txt,0.36666666666666664,0.1,0.13333333333333333,0.0,0.03333333333333333,0.0,0.0,0.36666666666666664
12 Angry Men.txt,0.3,0.05,0.05,0.0,0.125,0.0,0.0,0.475
As Quatro Irmãs.txt,0.21052631578947367,0.2631578947368421,0.10526315789473684,0.0,0.10526315789473684,0.0,0.0,0.3157894736842105
Os Emigrantes.txt,0.38461538461538464,0.3076923076923077,0.0,0.07692307692307693,0.07692307692307693,0.0,0.0,0.15384615384615385
From Here to Eternity.txt,0.375,0.1388888888888889,0.125,0.0,0.09722222222222222,0.0,0.0,0.2638888888888889
The Yearling.txt,0.30952380952380953,0.16666666666666666,0.047619047619047616,0.0,0.047619047619047616,0.0,0.0,0.42857142857142855
Gone with the Wind.txt,0.3284671532846715,0.1386861313868613,0.0948905109489051,0.014598540145985401,0.051094890510948905,0.0,0.0,0.3722627737226277
Seven Brides for Seven Brothers.txt,0.3508771929824561,0.05263157894736842,0.17543859649122806,0.017543859649122806,0.08771929824561403,0.0,0.0,0.3157894736842105
Philomena.txt,0.3333333333333333,0.2037037037037037,0.05555555555555555,0.0,0.09259259259259259,0.0,0.0,0.3148148148148148
The Shawshank Redemption.txt,0.27631578947368424,0.17763157894736842,0.09868421052631579,0.006578947368421052,0.07894736842105263,0.0,0.0,0.3618421052631579
"All This, and Heaven Too.txt",0.325,0.275,0.075,0.0,0.075,0.0,0.0,0.25
On Golden Pond.txt,0.3888888888888889,0.16666666666666666,0.08333333333333333,0.0,0.1111111111111111,0.0,0.0,0.25
Uma Mente Brilhante.txt,0.2807017543859649,0.17543859649122806,0.10526315789473684,0.017543859649122806,0.10526315789473684,0.0,0.0,0.3157894736842105
O Turista Acidental.txt,0.3103448275862069,0.13793103448275862,0.10344827586206896,0.0,0.2413793103448276,0.0,0.0,0.20689655172413793
Friendly Persuasion.txt,0.4,0.16,0.16,0.0,0.08,0.0,0.0,0.2
Silver Linings Playbook.txt,0.25,0.08333333333333333,0.08333333333333333,0.0,0.08333333333333333,0.0,0.0,0.5
Winter's Bone.txt,0.2585034013605442,0.14965986394557823,0.11564625850340136,0.0,0.061224489795918366,0.0,0.0,0.41496598639455784
JFK (filme).txt,0.3,0.3,0.0,0.0,0.2,0.0,0.0,0.2
Lilies of the Field (1963).txt,0.30952380952380953,0.11904761904761904,0.09523809523809523,0.0,0.09523809523809523,0.0,0.0,0.38095238095238093
Elvis (filme de 2022).txt,0.5,0.15,0.075,0.0,0.125,0.025,0.0,0.125
Judgment at Nuremberg.txt,0.1891891891891892,0.21621621621621623,0.13513513513513514,0.02702702702702703,0.08108108108108109,0.0,0.0,0.35135135135135137
Double Indemnity.txt,0.35714285714285715,0.07142857142857142,0.03571428571428571,0.0,0.10714285714285714,0.0,0.0,0.42857142857142855
Prizzi's Honor.txt,0.2608695652173913,0.21739130434782608,0.043478260869565216,0.0,0.08695652173913043,0.0,0.0,0.391304347826087
Julia (filme).txt,0.26229508196721313,0.19672131147540983,0.04918032786885246,0.0,0.08196721311475409,0.0,0.0,0.4098360655737705
Capitão Phillips.txt,0.30405405405405406,0.20270270270270271,0.08783783783783784,0.0,0.05405405405405406,0.006756756756756757,0.006756756756756757,0.33783783783783783
Green Book.txt,0.32679738562091504,0.12418300653594772,0.10457516339869281,0.0,0.12418300653594772,0.0,0.0,0.3202614379084967
The Big House.txt,0.2777777777777778,0.1111111111111111,0.1111111111111111,0.0,0.08333333333333333,0.0,0.0,0.4166666666666667
Little Women (2019).txt,0.2805755395683453,0.20863309352517986,0.04316546762589928,0.0,0.12949640287769784,0.0,0.0,0.3381294964028777
Mank (filme).txt,0.375,0.34375,0.09375,0.0,0.09375,0.0,0.0,0.09375
Arrival (filme).txt,0.22950819672131148,0.18032786885245902,0.26229508196721313,0.0,0.06557377049180328,0.0,0.0,0.26229508196721313
Rain Man.txt,0.3611111111111111,0.08333333333333333,0.027777777777777776,0.0,0.05555555555555555,0.0,0.0,0.4722222222222222
Erin Brockovich (filme).txt,0.27586206896551724,0.2413793103448276,0.13793103448275862,0.0,0.034482758620689655,0.0,0.0,0.3103448275862069
Perfume de Mulher (1992).txt,0.2857142857142857,0.2857142857142857,0.0,0.0,0.19047619047619047,0.0,0.0,0.23809523809523808
The Hurt Locker.txt,0.2972972972972973,0.05405405405405406,0.35135135135135137,0.02702702702702703,0.10810810810810811,0.0,0.0,0.16216216216216217
Heaven Can Wait (1943).txt,0.07692307692307693,0.23076923076923078,0.19230769230769232,0.0,0.07692307692307693,0.0,0.0,0.4230769230769231
Out of Africa.txt,0.30985915492957744,0.14788732394366197,0.07746478873239436,0.007042253521126761,0.16901408450704225,0.0,0.0,0.2887323943661972
Goodfellas.txt,0.21212121212121213,0.48484848484848486,0.0,0.0,0.09090909090909091,0.0,0.0,0.21212121212121213
No Country for Old Men (filme).txt,0.4125874125874126,0.16083916083916083,0.06293706293706294,0.0,0.03496503496503497,0.0,0.0,0.32867132867132864
Gosford Park.txt,0.2830188679245283,0.20754716981132076,0.20754716981132076,0.0,0.09433962264150944,0.0,0.0,0.20754716981132076
The Cider House Rules.txt,0.26126126126126126,0.14414414414414414,0.07207207207207207,0.0,0.09009009009009009,0.0,0.0,0.43243243243243246
The Godfather.txt,0.3108108108108108,0.21621621621621623,0.08108108108108109,0.006756756756756757,0.07432432432432433,0.0,0.0,0.3108108108108108
O Segredo de Brokeback Mountain.txt,0.33088235294117646,0.11764705882352941,0.07352941176470588,0.0,0.07352941176470588,0.0,0.0,0.40441176470588236
The Sound of Music.txt,0.30357142857142855,0.14285714285714285,0.08928571428571429,0.0,0.09821428571428571,0.0,0.0,0.36607142857142855
Guess Who's Coming to Dinner.txt,0.3333333333333333,0.21428571428571427,0.07142857142857142,0.0,0.11904761904761904,0.0,0.0,0.2619047619047619
Giant (filme).txt,0.325,0.3,0.0,0.0,0.025,0.0,0.0,0.35
Era uma Vez em... Hollywood.txt,0.27976190476190477,0.2619047619047619,0.07738095238095238,0.005952380952380952,0.05357142857142857,0.0,0.005952380952380952,0.31547619047619047
Chocolate (filme).txt,0.375,0.125,0.0,0.0,0.16666666666666666,0.0,0.0,0.3333333333333333
How Green Was My Valley.txt,0.30158730158730157,0.1111111111111111,0.1746031746031746,0.0,0.07936507936507936,0.015873015873015872,0.0,0.31746031746031744
O Diário de Anne Frank.txt,0.3389830508474576,0.06779661016949153,0.13559322033898305,0.01694915254237288,0.05084745762711865,0.03389830508474576,0.0,0.3559322033898305
A Forma da Água.txt,0.2894736842105263,0.2631578947368421,0.10526315789473684,0.0,0.13157894736842105,0.0,0.0,0.21052631578947367
Up (filme).txt,0.3888888888888889,0.09027777777777778,0.0763888888888889,0.0,0.0625,0.0,0.0,0.3819444444444444
A Star Is Born (1937).txt,0.3558282208588957,0.12269938650306748,0.06748466257668712,0.0,0.1165644171779141,0.0,0.012269938650306749,0.32515337423312884
Quatro Casamentos e Um Funeral.txt,0.5714285714285714,0.0,0.07142857142857142,0.0,0.0,0.0,0.0,0.35714285714285715
O Resgate do Soldado Ryan.txt,0.27710843373493976,0.3072289156626506,0.08433734939759036,0.012048192771084338,0.04216867469879518,0.0,0.0,0.27710843373493976
Roman Holiday.txt,0.2608695652173913,0.043478260869565216,0.043478260869565216,0.0,0.13043478260869565,0.0,0.0,0.5217391304347826
The Snake Pit.txt,0.23943661971830985,0.2112676056338028,0.07042253521126761,0.0,0.09859154929577464,0.014084507042253521,0.0,0.36619718309859156
Hold Back the Dawn.txt,0.3484848484848485,0.22727272727272727,0.015151515151515152,0.0,0.13636363636363635,0.0,0.0,0.2727272727272727
Dunkirk (filme).txt,0.31496062992125984,0.11811023622047244,0.07874015748031496,0.007874015748031496,0.03937007874015748,0.015748031496062992,0.0,0.4251968503937008
Gravidade (filme).txt,0.2846153846153846,0.15384615384615385,0.07692307692307693,0.0,0.06923076923076923,0.0,0.0,0.4153846153846154
O Leitor.txt,0.32903225806451614,0.18064516129032257,0.10967741935483871,0.0,0.03225806451612903,0.0,0.0,0.34838709677419355
Meia-Noite em Paris.txt,0.25,0.28125,0.109375,0.0,0.09375,0.0,0.03125,0.234375
The Wizard of Oz (1939).txt,0.2827586206896552,0.22758620689655173,0.06896551724137931,0.0,0.07586206896551724,0.0,0.0,0.3448275862068966
O Veredicto.txt,0.42857142857142855,0.0,0.0,0.0,0.23809523809523808,0.0,0.0,0.3333333333333333
The Barretts of Wimpole Street.txt,0.4,0.12,0.08,0.0,0.04,0.0,0.0,0.36
Asas (filme).txt,0.19047619047619047,0.3333333333333333,0.14285714285714285,0.0,0.047619047619047616,0.0,0.0,0.2857142857142857
Viskningar och rop.txt,0.1111111111111111,0.3333333333333333,0.2222222222222222,0.0,0.1111111111111111,0.027777777777777776,0.0,0.19444444444444445
Slumdog Millionaire.txt,0.36,0.12,0.09,0.0,0.05,0.0,0.0,0.38
Marty.txt,0.3076923076923077,0.19230769230769232,0.0,0.0,0.15384615384615385,0.0,0.0,0.34615384615384615
Cimarron (1931).txt,0.5454545454545454,0.0,0.09090909090909091,0.18181818181818182,0.09090909090909091,0.0,0.0,0.09090909090909091
Missing - O Desaparecido.txt,0.3055555555555556,0.21296296296296297,0.1111111111111111,0.027777777777777776,0.06481481481481481,0.0,0.0,0.2777777777777778
Shine (filme).txt,0.45454545454545453,0.0,0.09090909090909091,0.0,0.18181818181818182,0.0,0.0,0.2727272727272727
Moulin Rouge!.txt,0.37777777777777777,0.13333333333333333,0.08888888888888889,0.0,0.13333333333333333,0.0,0.0,0.26666666666666666
Chariots of Fire.txt,0.2602739726027397,0.2191780821917808,0.0684931506849315,0.0410958904109589,0.0684931506849315,0.0,0.0,0.3424657534246575
Bridge of Spies.txt,0.27702702702702703,0.22297297297297297,0.060810810810810814,0.013513513513513514,0.08108108108108109,0.0,0.006756756756756757,0.33783783783783783
Dark Victory.txt,0.3448275862068966,0.13793103448275862,0.034482758620689655,0.0,0.10344827586206896,0.0,0.034482758620689655,0.3448275862068966
Suspeita.txt,0.3333333333333333,0.13333333333333333,0.0,0.0,0.16666666666666666,0.0,0.0,0.36666666666666664
The Good Earth.txt,0.32432432432432434,0.13513513513513514,0.08108108108108109,0.0,0.14864864864864866,0.0,0.0,0.3108108108108108
Foreign Correspondent.txt,0.29310344827586204,0.20689655172413793,0.05172413793103448,0.0,0.13793103448275862,0.0,0.0,0.3103448275862069
Amadeus.txt,0.3741935483870968,0.10967741935483871,0.04516129032258064,0.0,0.13548387096774195,0.0,0.0,0.33548387096774196
Life of Pi (filme).txt,0.37209302325581395,0.16279069767441862,0.0,0.0,0.09302325581395349,0.0,0.0,0.37209302325581395
"The Russians Are Coming, the Russians Are Coming.txt",0.3225806451612903,0.16129032258064516,0.0967741935483871,0.03225806451612903,0.0,0.0,0.0,0.3870967741935484
O Fio da Navalha (1946).txt,0.4230769230769231,0.19230769230769232,0.038461538461538464,0.0,0.07692307692307693,0.0,0.0,0.2692307692307692
The Awful Truth.txt,0.23214285714285715,0.2857142857142857,0.03571428571428571,0.0,0.03571428571428571,0.0,0.0,0.4107142857142857
An Education.txt,0.37735849056603776,0.1320754716981132,0.09433962264150944,0.0,0.1509433962264151,0.0,0.0,0.24528301886792453
Master and Commander: The Far Side of the World.txt,0.34459459459459457,0.16216216216216217,0.08108108108108109,0.0,0.05405405405405406,0.0,0.0,0.3581081081081081
A Few Good Men.txt,0.20930232558139536,0.3953488372093023,0.046511627906976744,0.023255813953488372,0.06976744186046512,0.0,0.0,0.2558139534883721
A Rainha.txt,0.35135135135135137,0.35135135135135137,0.02702702702702703,0.0,0.08108108108108109,0.0,0.0,0.1891891891891892
Watch on the Rhine.txt,0.2,0.4222222222222222,0.1111111111111111,0.022222222222222223,0.022222222222222223,0.0,0.0,0.2222222222222222
Sargento York.txt,0.26436781609195403,0.13793103448275862,0.08045977011494253,0.0,0.10344827586206896,0.0,0.0,0.41379310344827586
"Hello, Dolly!.txt",0.4166666666666667,0.125,0.0,0.0,0.041666666666666664,0.0,0.0,0.4166666666666667
Fanny (filme).txt,0.25,0.1,0.05,0.0,0.15,0.0,0.0,0.45
Um Homem Sério.txt,0.2833333333333333,0.36666666666666664,0.05,0.0,0.06666666666666667,0.0,0.0,0.23333333333333334
Ou Tudo ou Nada.txt,0.4,0.0,0.2,0.0,0.13333333333333333,0.0,0.0,0.26666666666666666
The Greatest Show on Earth.txt,0.2549019607843137,0.058823529411764705,0.17647058823529413,0.0,0.19607843137254902,0.0,0.0,0.3137254901960784
Cabaret (filme).txt,0.4523809523809524,0.21428571428571427,0.09523809523809523,0.0,0.09523809523809523,0.0,0.0,0.14285714285714285
O Príncipe das Marés.txt,0.36,0.36,0.08,0.0,0.0,0.0,0.0,0.2
Gladiador (filme).txt,0.2463768115942029,0.17391304347826086,0.10144927536231885,0.007246376811594203,0.09420289855072464,0.0,0.0,0.37681159420289856
The French Connection.txt,0.32,0.2,0.06,0.0,0.2,0.0,0.0,0.22
Finding Neverland.txt,0.2777777777777778,0.16666666666666666,0.19444444444444445,0.0,0.05555555555555555,0.0,0.0,0.3055555555555556
Captains Courageous.txt,0.2876712328767123,0.1095890410958904,0.0684931506849315,0.0,0.0958904109589041,0.0136986301369863,0.0136986301369863,0.410958904109589
Johnny Belinda.txt,0.2894736842105263,0.15789473684210525,0.02631578947368421,0.0,0.10526315789473684,0.0,0.0,0.42105263157894735
All Quiet on the Western Front.txt,0.1794871794871795,0.23076923076923078,0.1282051282051282,0.02564102564102564,0.15384615384615385,0.0,0.0,0.28205128205128205
Gaslight.txt,0.2826086956521739,0.21739130434782608,0.06521739130434782,0.0,0.10869565217391304,0.0,0.0,0.32608695652173914
O Pianista.txt,0.2571428571428571,0.17142857142857143,0.1,0.014285714285714285,0.08571428571428572,0.0,0.0,0.37142857142857144
Cavalo de Guerra.txt,0.2708333333333333,0.3541666666666667,0.041666666666666664,0.0,0.0625,0.0,0.0,0.2708333333333333
Fiddler on the Roof (filme).txt,0.3090909090909091,0.14545454545454545,0.07272727272727272,0.0,0.18181818181818182,0.0,0.0,0.2909090909090909
Howards End (filme).txt,0.2604166666666667,0.3229166666666667,0.08333333333333333,0.0,0.13541666666666666,0.0,0.0,0.19791666666666666
The Front Page (1931).txt,0.45454545454545453,0.13636363636363635,0.045454545454545456,0.0,0.06818181818181818,0.0,0.0,0.29545454545454547
Apocalypse Now.txt,0.2360248447204969,0.36645962732919257,0.08695652173913043,0.031055900621118012,0.055900621118012424,0.0,0.0,0.2236024844720497
The Help (filme).txt,0.27450980392156865,0.22875816993464052,0.0915032679738562,0.0,0.11764705882352941,0.0,0.006535947712418301,0.28104575163398693
Shane.txt,0.26436781609195403,0.10344827586206896,0.14942528735632185,0.0,0.12643678160919541,0.0,0.011494252873563218,0.3448275862068966
Babel (filme).txt,0.2962962962962963,0.14814814814814814,0.14814814814814814,0.0,0.14814814814814814,0.0,0.0,0.25925925925925924
Uma Hora Contigo.txt,0.29411764705882354,0.14705882352941177,0.08823529411764706,0.0,0.14705882352941177,0.0,0.0,0.3235294117647059
Relíquia Macabra.txt,0.2857142857142857,0.22857142857142856,0.05714285714285714,0.0,0.11428571428571428,0.02857142857142857,0.0,0.2857142857142857
American Hustle.txt,0.2546583850931677,0.2857142857142857,0.06832298136645963,0.0,0.049689440993788817,0.006211180124223602,0.0,0.33540372670807456
A Vida É Bela.txt,0.42105263157894735,0.21052631578947367,0.05263157894736842,0.0,0.07894736842105263,0.0,0.0,0.23684210526315788
The Longest Day.txt,0.26666666666666666,0.23333333333333334,0.1,0.0,0.13333333333333333,0.03333333333333333,0.0,0.23333333333333334
Moonlight (filme).txt,0.2695035460992908,0.1773049645390071,0.05673758865248227,0.0,0.09929078014184398,0.0,0.0,0.3971631205673759
Juno (filme).txt,0.2692307692307692,0.15384615384615385,0.15384615384615385,0.0,0.15384615384615385,0.0,0.038461538461538464,0.23076923076923078
Farrapo Humano.txt,0.3,0.175,0.025,0.0,0.05,0.0,0.0,0.45
Um Lugar ao Sol (filme).txt,0.2777777777777778,0.1111111111111111,0.018518518518518517,0.0,0.07407407407407407,0.0,0.0,0.5185185185185185
The More the Merrier.txt,0.48148148148148145,0.2222222222222222,0.037037037037037035,0.0,0.14814814814814814,0.0,0.0,0.1111111111111111
Atlantic City (1980).txt,0.275,0.125,0.1,0.0,0.05,0.0,0.0,0.45
All That Jazz.txt,0.4838709677419355,0.1935483870967742,0.12903225806451613,0.0,0.03225806451612903,0.0,0.0,0.16129032258064516
Since You Went Away.txt,0.21311475409836064,0.4426229508196721,0.06557377049180328,0.0,0.06557377049180328,0.0,0.0,0.21311475409836064
Tár.txt,0.24,0.28,0.12,0.0,0.16,0.0,0.04,0.16
A Rosa Tatuada.txt,0.625,0.0,0.0,0.0,0.0,0.0,0.0,0.375
Seabiscuit.txt,0.32558139534883723,0.20930232558139536,0.023255813953488372,0.0,0.11627906976744186,0.0,0.0,0.32558139534883723
The Patriot (filme de 1928).txt,0.3548387096774194,0.2903225806451613,0.06451612903225806,0.0,0.06451612903225806,0.0,0.0,0.22580645161290322
A Origem.txt,0.35766423357664234,0.145985401459854,0.072992700729927,0.0,0.06569343065693431,0.0,0.0,0.35766423357664234
O Tenente Sedutor.txt,0.25925925925925924,0.2962962962962963,0.024691358024691357,0.0,0.07407407407407407,0.0,0.0,0.345679012345679
A Man for All Seasons.txt,0.2413793103448276,0.27586206896551724,0.034482758620689655,0.0,0.10344827586206896,0.0,0.0,0.3448275862068966
Born Yesterday.txt,0.3125,0.0625,0.0625,0.0,0.09375,0.0,0.0,0.46875
On the Waterfront.txt,0.3125,0.2125,0.0875,0.0,0.0875,0.0,0.0,0.3
Yankee Doodle Dandy.txt,0.1875,0.5625,0.125,0.0,0.0,0.0,0.0,0.125
Ivanhoe (1952).txt,0.25,0.3181818181818182,0.11363636363636363,0.022727272727272728,0.022727272727272728,0.0,0.0,0.2727272727272727
Quiz Show.txt,0.3673469387755102,0.24489795918367346,0.04081632653061224,0.0,0.061224489795918366,0.0,0.0,0.2857142857142857
It's a Wonderful Life.txt,0.3546099290780142,0.19858156028368795,0.07801418439716312,0.0,0.04964539007092199,0.0,0.0,0.3191489361702128
Promising Young Woman.txt,0.3225806451612903,0.0967741935483871,0.03225806451612903,0.0,0.22580645161290322,0.0,0.0,0.3225806451612903
Broadway Melody of 1936.txt,0.3333333333333333,0.13333333333333333,0.06666666666666667,0.0,0.06666666666666667,0.0,0.0,0.4
Anatomia de um Crime.txt,0.34375,0.15625,0.03125,0.0,0.03125,0.0,0.0,0.4375
Testemunha de Acusação (filme).txt,0.22535211267605634,0.176056338028169,0.056338028169014086,0.0,0.1267605633802817,0.0,0.0,0.4154929577464789
A Cor Púrpura (filme de 1985).txt,0.17777777777777778,0.15555555555555556,0.1111111111111111,0.022222222222222223,0.022222222222222223,0.0,0.0,0.5111111111111111
Mary Poppins (filme).txt,0.31210191082802546,0.2229299363057325,0.050955414012738856,0.0,0.08280254777070063,0.006369426751592357,0.0,0.3248407643312102
Chinatown (filme).txt,0.29310344827586204,0.27586206896551724,0.10344827586206896,0.0,0.034482758620689655,0.0,0.0,0.29310344827586204
Birdman ou (A Inesperada Virtude da Ignorância).txt,0.3194444444444444,0.3194444444444444,0.027777777777777776,0.0,0.08333333333333333,0.0,0.0,0.25
Toy Story 3.txt,0.328,0.152,0.04,0.0,0.064,0.0,0.0,0.416
Arrowsmith (filme).txt,0.4444444444444444,0.0,0.05555555555555555,0.0,0.16666666666666666,0.0,0.0,0.3333333333333333
The Heiress.txt,0.30597014925373134,0.12686567164179105,0.06716417910447761,0.0,0.1044776119402985,0.0,0.0,0.39552238805970147
O Artista.txt,0.5,0.0625,0.0625,0.0,0.0,0.0,0.0,0.375
Citizen Kane.txt,0.359375,0.2109375,0.046875,0.0,0.1015625,0.0,0.0078125,0.2734375
Raging Bull.txt,0.3888888888888889,0.16666666666666666,0.1111111111111111,0.0,0.05555555555555555,0.0,0.0,0.2777777777777778
Lawrence da Arábia (filme).txt,0.310126582278481,0.22784810126582278,0.0949367088607595,0.012658227848101266,0.08227848101265822,0.0,0.0,0.2721518987341772
Mr. Deeds Goes to Town.txt,0.34285714285714286,0.17142857142857143,0.08571428571428572,0.0,0.11428571428571428,0.0,0.0,0.2857142857142857
Get Out.txt,0.32894736842105265,0.14473684210526316,0.03289473684210526,0.0,0.08552631578947369,0.0,0.0,0.40789473684210525
The Kids Are All Right.txt,0.3282442748091603,0.1297709923664122,0.061068702290076333,0.0,0.03816793893129771,0.0,0.0,0.44274809160305345
The Sand Pebbles.txt,0.13636363636363635,0.45454545454545453,0.13636363636363635,0.0,0.045454545454545456,0.0,0.0,0.22727272727272727
Top Gun: Maverick.txt,0.28205128205128205,0.24358974358974358,0.10897435897435898,0.0,0.08974358974358974,0.0,0.00641025641025641,0.2692307692307692
Gandhi (filme).txt,0.3333333333333333,0.26666666666666666,0.06666666666666667,0.0,0.0,0.0,0.0,0.3333333333333333
O Exorcista.txt,0.3129251700680272,0.17006802721088435,0.09523809523809523,0.0,0.12244897959183673,0.0,0.0,0.29931972789115646
O Céu Pode Esperar (1978).txt,0.46153846153846156,0.038461538461538464,0.0,0.0,0.038461538461538464,0.0,0.0,0.46153846153846156
O Irlandês.txt,0.3333333333333333,0.28735632183908044,0.08045977011494253,0.0,0.06896551724137931,0.0,0.0,0.22988505747126436
Gangs of New York.txt,0.34615384615384615,0.38461538461538464,0.057692307692307696,0.019230769230769232,0.057692307692307696,0.0,0.0,0.1346153846153846
La La Land (filme).txt,0.3541666666666667,0.1388888888888889,0.04861111111111111,0.0,0.11805555555555555,0.0,0.0,0.3402777777777778
Spellbound (1945).txt,0.23076923076923078,0.3076923076923077,0.0,0.038461538461538464,0.11538461538461539,0.0,0.038461538461538464,0.2692307692307692
Milk (filme).txt,0.30952380952380953,0.19047619047619047,0.14285714285714285,0.0,0.11904761904761904,0.0,0.0,0.23809523809523808
The Apartment.txt,0.38095238095238093,0.0,0.14285714285714285,0.0,0.047619047619047616,0.0,0.0,0.42857142857142855
Lanceiros da Índia.txt,0.29508196721311475,0.19672131147540983,0.06557377049180328,0.0,0.16393442622950818,0.0,0.0,0.2786885245901639
Os Miseráveis (2012).txt,0.3076923076923077,0.20192307692307693,0.04807692307692308,0.0,0.10576923076923077,0.0,0.0,0.33653846153846156
The Quiet Man.txt,0.3333333333333333,0.3333333333333333,0.0,0.0,0.0,0.0,0.0,0.3333333333333333
Em Cada Coração um Pecado.txt,0.25925925925925924,0.14814814814814814,0.2962962962962963,0.0,0.07407407407407407,0.0,0.0,0.2222222222222222
Deliverance (filme).txt,0.20833333333333334,0.041666666666666664,0.2916666666666667,0.0,0.08333333333333333,0.0,0.0,0.375
The Graduate.txt,0.3356643356643357,0.06993006993006994,0.09090909090909091,0.0,0.13986013986013987,0.0,0.0,0.36363636363636365
Ninotchka.txt,0.2857142857142857,0.21428571428571427,0.03571428571428571,0.0,0.10714285714285714,0.0,0.0,0.35714285714285715
A Árvore da Vida (2011).txt,0.3916083916083916,0.055944055944055944,0.0979020979020979,0.0,0.14685314685314685,0.0,0.0,0.3076923076923077
The Robe.txt,0.3185840707964602,0.26548672566371684,0.05309734513274336,0.0,0.061946902654867256,0.0,0.0,0.3008849557522124
Avatar: O Caminho da Água.txt,0.37777777777777777,0.1925925925925926,0.07407407407407407,0.0,0.044444444444444446,0.0,0.0,0.3111111111111111
King Solomon's Mines (filme de 1950).txt,0.38181818181818183,0.21818181818181817,0.01818181818181818,0.0,0.12727272727272726,0.0,0.0,0.2545454545454545
Anchors Aweigh.txt,0.17647058823529413,0.20588235294117646,0.08823529411764706,0.0,0.058823529411764705,0.0,0.0,0.47058823529411764
The Big Chill.txt,0.35,0.1,0.25,0.0,0.1,0.0,0.0,0.2
49th Parallel.txt,0.22666666666666666,0.21333333333333335,0.16,0.02666666666666667,0.10666666666666667,0.0,0.0,0.26666666666666666
West Side Story (2021).txt,0.10526315789473684,0.3157894736842105,0.3157894736842105,0.10526315789473684,0.0,0.0,0.0,0.15789473684210525
Laranja Mecânica (filme).txt,0.352112676056338,0.1267605633802817,0.09154929577464789,0.0,0.09154929577464789,0.007042253521126761,0.0,0.33098591549295775
Tubarão (filme).txt,0.3918918918918919,0.14864864864864866,0.06756756756756757,0.0,0.08108108108108109,0.0,0.0,0.3108108108108108
Dances with Wolves.txt,0.3888888888888889,0.2222222222222222,0.05555555555555555,0.0,0.08333333333333333,0.0,0.0,0.25
The Fighter.txt,0.33112582781456956,0.18543046357615894,0.026490066225165563,0.0,0.10596026490066225,0.0,0.0,0.3509933774834437
Os Fabelmans.txt,0.3,0.25,0.1,0.0,0.05,0.0,0.0,0.3
Patton (filme).txt,0.24285714285714285,0.2642857142857143,0.11428571428571428,0.0,0.07857142857142857,0.0,0.0,0.3
Manchester by the Sea.txt,0.29545454545454547,0.25,0.09090909090909091,0.0,0.06818181818181818,0.0,0.0,0.29545454545454547
David Copperfield (1935).txt,0.2894736842105263,0.10526315789473684,0.07894736842105263,0.0,0.07894736842105263,0.0,0.0,0.4473684210526316
The Little Foxes.txt,0.17391304347826086,0.43478260869565216,0.08695652173913043,0.0,0.13043478260869565,0.0,0.0,0.17391304347826086
Sounder.txt,0.34782608695652173,0.17391304347826086,0.08695652173913043,0.0,0.17391304347826086,0.0,0.0,0.21739130434782608
Vidas Separadas.txt,0.1864406779661017,0.4067796610169492,0.05084745762711865,0.0,0.0847457627118644,0.0,0.0,0.2711864406779661
Don't Look Up.txt,0.3129251700680272,0.25170068027210885,0.08843537414965986,0.0,0.06802721088435375,0.0,0.0,0.2789115646258503
Norma Rae.txt,0.3246753246753247,0.16883116883116883,0.09090909090909091,0.0,0.07792207792207792,0.0,0.0,0.33766233766233766
O Grande Ditador.txt,0.34782608695652173,0.17391304347826086,0.07246376811594203,0.0,0.09420289855072464,0.0,0.0,0.3115942028985507
All the King's Men (1949).txt,0.4375,0.0,0.0625,0.0,0.1875,0.0,0.0,0.3125
In the Bedroom.txt,0.3684210526315789,0.0,0.15789473684210525,0.0,0.05263157894736842,0.0,0.0,0.42105263157894735
Titanic (filme de 1997).txt,0.3464566929133858,0.14173228346456693,0.06299212598425197,0.0,0.06299212598425197,0.0,0.0,0.3858267716535433
Tootsie.txt,0.375,0.125,0.03125,0.0,0.09375,0.0,0.0,0.375
A Star Is Born (2018).txt,0.3157894736842105,0.23684210526315788,0.039473684210526314,0.0,0.09210526315789473,0.0,0.0,0.3157894736842105
Reds.txt,0.36470588235294116,0.21176470588235294,0.08235294117647059,0.0,0.1411764705882353,0.0,0.0,0.2
O Pai da Noiva (1950).txt,0.5,0.0,0.08333333333333333,0.0,0.08333333333333333,0.0,0.0,0.3333333333333333
Apollo 13 (filme).txt,0.29931972789115646,0.2857142857142857,0.06802721088435375,0.0,0.034013605442176874,0.0,0.0,0.3129251700680272
Sayonara.txt,0.2631578947368421,0.10526315789473684,0.2631578947368421,0.0,0.05263157894736842,0.0,0.0,0.3157894736842105
Flirtation Walk.txt,0.36666666666666664,0.1,0.06666666666666667,0.0,0.1,0.0,0.0,0.36666666666666664
Os Descendentes.txt,0.32894736842105265,0.13157894736842105,0.10526315789473684,0.0,0.14473684210526316,0.0,0.0,0.2894736842105263
The Grand Budapest Hotel.txt,0.2929936305732484,0.28662420382165604,0.050955414012738856,0.0,0.08280254777070063,0.0,0.0,0.28662420382165604
Cisne Negro.txt,0.296875,0.2109375,0.046875,0.0,0.109375,0.0,0.0,0.3359375
Uma Loira para Três.txt,0.34328358208955223,0.208955223880597,0.1044776119402985,0.0,0.04477611940298507,0.0,0.0,0.29850746268656714
Atonement.txt,0.3333333333333333,0.28205128205128205,0.05128205128205128,0.0,0.07692307692307693,0.0,0.0,0.2564102564102564
A Luz É para Todos.txt,0.3125,0.3125,0.0,0.0,0.0,0.0,0.0,0.375
Argo (filme).txt,0.3380281690140845,0.2535211267605634,0.1267605633802817,0.014084507042253521,0.028169014084507043,0.0,0.0,0.23943661971830985
You Can't Take It with You.txt,0.2857142857142857,0.11428571428571428,0.08571428571428572,0.0,0.17142857142857143,0.0,0.0,0.34285714285714286
Cat on a Hot Tin Roof (filme).txt,0.3225806451612903,0.1935483870967742,0.06451612903225806,0.0,0.11290322580645161,0.0,0.0,0.3064516129032258
Mister Roberts.txt,0.3111111111111111,0.2,0.06666666666666667,0.0,0.15555555555555556,0.0,0.0,0.26666666666666666
O Sexto Sentido.txt,0.3333333333333333,0.21428571428571427,0.047619047619047616,0.0,0.11904761904761904,0.0,0.0,0.2857142857142857
Babe (1995).txt,0.3384615384615385,0.06923076923076923,0.06923076923076923,0.0,0.09230769230769231,0.0,0.0,0.4307692307692308
The Crying Game.txt,0.28,0.13333333333333333,0.04,0.0,0.06666666666666667,0.0,0.0,0.48
Rua 42.txt,0.2541436464088398,0.32044198895027626,0.0718232044198895,0.0,0.09392265193370165,0.0,0.0,0.2596685082872928
Im Westen nichts Neues (filme).txt,0.2777777777777778,0.25308641975308643,0.1111111111111111,0.012345679012345678,0.06790123456790123,0.0,0.0,0.2777777777777778
Million Dollar Baby.txt,0.3055555555555556,0.2777777777777778,0.0,0.0,0.1111111111111111,0.0,0.0,0.3055555555555556
The Best Years of Our Lives.txt,0.28431372549019607,0.21568627450980393,0.08823529411764706,0.0,0.06862745098039216,0.00980392156862745,0.0,0.3333333333333333
Gigi (filme).txt,0.3125,0.25,0.0625,0.0,0.125,0.0,0.0,0.25
Hugo (filme).txt,0.3103448275862069,0.15862068965517243,0.1103448275862069,0.0,0.06896551724137931,0.0,0.0,0.35172413793103446
Rebecca (1940).txt,0.3409090909090909,0.19696969696969696,0.05303030303030303,0.0,0.11363636363636363,0.0,0.0,0.29545454545454547
One Flew Over the Cuckoo's Nest.txt,0.27611940298507465,0.14925373134328357,0.08208955223880597,0.0,0.208955223880597,0.0,0.0,0.2835820895522388
The Banshees of Inisherin.txt,0.30985915492957744,0.16901408450704225,0.04929577464788732,0.0,0.09154929577464789,0.0,0.007042253521126761,0.3732394366197183
Os Canhões de Navarone.txt,0.2553191489361702,0.14893617021276595,0.09574468085106383,0.02127659574468085,0.11702127659574468,0.0,0.0,0.3617021276595745
Ghost (filme).txt,0.3142857142857143,0.10714285714285714,0.09285714285714286,0.0,0.12142857142857143,0.0,0.007142857142857143,0.35714285714285715
One Night of Love.txt,0.40625,0.15625,0.0,0.0,0.09375,0.0,0.0,0.34375
O Capitão Blood.txt,0.29896907216494845,0.25773195876288657,0.061855670103092786,0.0,0.05154639175257732,0.0,0.0,0.32989690721649484
Annie Hall.txt,0.3548387096774194,0.25806451612903225,0.06451612903225806,0.0,0.03225806451612903,0.0,0.0,0.2903225806451613
"America, America.txt",0.1875,0.1875,0.0,0.0,0.1875,0.0,0.0,0.4375
Darling (filme).txt,0.3333333333333333,0.16666666666666666,0.16666666666666666,0.0,0.16666666666666666,0.0,0.0,0.16666666666666666
A Carta (1940).txt,0.3424657534246575,0.2328767123287671,0.0547945205479452,0.0,0.0684931506849315,0.0,0.0,0.3013698630136986
The Conversation.txt,0.2727272727272727,0.18181818181818182,0.13636363636363635,0.0,0.045454545454545456,0.0,0.0,0.36363636363636365
The Music Man.txt,0.3,0.25,0.25,0.0,0.05,0.0,0.0,0.15
Stagecoach (1939).txt,0.3333333333333333,0.16666666666666666,0.1388888888888889,0.0,0.08333333333333333,0.0,0.0,0.2777777777777778
The Racket (1928).txt,0.4444444444444444,0.18518518518518517,0.05555555555555555,0.0,0.037037037037037035,0.0,0.0,0.2777777777777778
Stage Door.txt,0.3333333333333333,0.0,0.3333333333333333,0.0,0.13333333333333333,0.0,0.0,0.2
American Graffiti.txt,0.2857142857142857,0.2857142857142857,0.07142857142857142,0.0,0.21428571428571427,0.0,0.0,0.14285714285714285
Sense and Sensibility (filme).txt,0.2857142857142857,0.17142857142857143,0.11428571428571428,0.0,0.2,0.0,0.0,0.22857142857142856
127 Horas.txt,0.34,0.14666666666666667,0.08,0.0,0.08666666666666667,0.0,0.0,0.3466666666666667
Forrest Gump.txt,0.30864197530864196,0.22839506172839505,0.09259259259259259,0.0,0.08024691358024691,0.0,0.006172839506172839,0.2839506172839506
I Am a Fugitive from a Chain Gang.txt,0.39473684210526316,0.10526315789473684,0.07894736842105263,0.0,0.05263157894736842,0.0,0.0,0.3684210526315789
Crash (2004).txt,0.4098360655737705,0.05737704918032787,0.13934426229508196,0.0,0.13114754098360656,0.0,0.0,0.26229508196721313
Sunset Boulevard.txt,0.30434782608695654,0.18840579710144928,0.10144927536231885,0.0,0.08695652173913043,0.0,0.0,0.3188405797101449
True Grit (2010).txt,0.1568627450980392,0.3137254901960784,0.09803921568627451,0.0,0.0392156862745098,0.0,0.0,0.39215686274509803
Nebraska (filme).txt,0.40350877192982454,0.08771929824561403,0.05263157894736842,0.0,0.05263157894736842,0.0,0.0,0.40350877192982454
The Remains of the Day (filme).txt,0.3,0.11666666666666667,0.03333333333333333,0.03333333333333333,0.15,0.0,0.0,0.36666666666666664
Battleground (filme).txt,0.37209302325581395,0.10465116279069768,0.13953488372093023,0.011627906976744186,0.10465116279069768,0.0,0.0,0.26744186046511625
Disraeli (1929).txt,0.2903225806451613,0.3548387096774194,0.0967741935483871,0.0,0.03225806451612903,0.0,0.0,0.22580645161290322
Frost_Nixon.txt,0.29375,0.19375,0.1375,0.0,0.08125,0.00625,0.0,0.2875
The Thin Red Line (1998).txt,0.32679738562091504,0.16993464052287582,0.08496732026143791,0.0,0.0915032679738562,0.0,0.0,0.32679738562091504
Star Wars: Episódio IV – Uma Nova Esperança.txt,0.2482758620689655,0.2413793103448276,0.07586206896551724,0.0,0.05517241379310345,0.0,0.0,0.3793103448275862
A Testemunha.txt,0.3409090909090909,0.13636363636363635,0.13636363636363635,0.0,0.06818181818181818,0.0,0.0,0.3181818181818182
Decision Before Dawn.txt,0.36363636363636365,0.21212121212121213,0.06060606060606061,0.0,0.06060606060606061,0.030303030303030304,0.0,0.2727272727272727
Moneyball.txt,0.2932330827067669,0.14285714285714285,0.07518796992481203,0.015037593984962405,0.09774436090225563,0.007518796992481203,0.0,0.3684210526315789
O Discurso do Rei.txt,0.35374149659863946,0.2108843537414966,0.061224489795918366,0.0,0.08843537414965986,0.0,0.0,0.2857142857142857
Cleópatra (1963).txt,0.32867132867132864,0.2097902097902098,0.04195804195804196,0.0,0.09090909090909091,0.006993006993006993,0.0,0.32167832167832167
12 Years a Slave.txt,0.19047619047619047,0.2857142857142857,0.09523809523809523,0.0,0.0,0.0,0.0,0.42857142857142855
Beasts of the Southern Wild.txt,0.34782608695652173,0.08695652173913043,0.043478260869565216,0.0,0.2608695652173913,0.0,0.0,0.2608695652173913
Dodsworth.txt,0.2903225806451613,0.1935483870967742,0.0967741935483871,0.0,0.12903225806451613,0.0,0.0,0.2903225806451613
Inglourious Basterds.txt,0.28205128205128205,0.2948717948717949,0.0641025641025641,0.019230769230769232,0.05128205128205128,0.0,0.0,0.28846153846153844
Aeroporto (filme).txt,0.5,0.0,0.08333333333333333,0.0,0.08333333333333333,0.0,0.0,0.3333333333333333
Imitation of Life (1934).txt,0.22033898305084745,0.3559322033898305,0.06779661016949153,0.0,0.0847457627118644,0.0,0.0,0.2711864406779661
The Pride of the Yankees.txt,0.2916666666666667,0.25,0.08333333333333333,0.020833333333333332,0.08333333333333333,0.0,0.0,0.2708333333333333
Libeled Lady.txt,0.35714285714285715,0.21428571428571427,0.03571428571428571,0.0,0.14285714285714285,0.0,0.0,0.25
Jezebel.txt,0.34375,0.21875,0.03125,0.0,0.10416666666666667,0.0,0.0,0.3020833333333333
Three Coins in the Fountain.txt,0.23076923076923078,0.2564102564102564,0.1282051282051282,0.0,0.07692307692307693,0.0,0.0,0.3076923076923077
The Defiant Ones.txt,0.3333333333333333,0.0,0.2,0.0,0.13333333333333333,0.0,0.0,0.3333333333333333
Network (filme).txt,0.4,0.06666666666666667,0.06666666666666667,0.0,0.1,0.0,0.0,0.36666666666666664
O Jogo da Imitação.txt,0.18181818181818182,0.2727272727272727,0.18181818181818182,0.06060606060606061,0.030303030303030304,0.0,0.0,0.2727272727272727
The Magnificent Ambersons (1942).txt,0.32608695652173914,0.17391304347826086,0.043478260869565216,0.0,0.15217391304347827,0.0,0.0,0.30434782608695654
The Adventures of Robin Hood.txt,0.20454545454545456,0.36363636363636365,0.1590909090909091,0.0,0.045454545454545456,0.022727272727272728,0.0,0.20454545454545456
A Volta ao Mundo em 80 Dias (1956).txt,0.28,0.2,0.2,0.0,0.08,0.0,0.0,0.24
Broadcast News.txt,0.3333333333333333,0.09523809523809523,0.047619047619047616,0.0,0.19047619047619047,0.0,0.047619047619047616,0.2857142857142857
Cavalgada (filme).txt,0.26881720430107525,0.34408602150537637,0.11827956989247312,0.03225806451612903,0.053763440860215055,0.0,0.0,0.1827956989247312
À Espera de um Milagre.txt,0.3082191780821918,0.2328767123287671,0.07534246575342465,0.0,0.1095890410958904,0.0,0.0,0.273972602739726
As Horas (filme).txt,0.4,0.2,0.02666666666666667,0.0,0.08,0.013333333333333334,0.0,0.28
All About Eve.txt,0.22580645161290322,0.3548387096774194,0.06451612903225806,0.0,0.06451612903225806,0.0,0.0,0.2903225806451613
As Vinhas da Ira (filme).txt,0.35714285714285715,0.14285714285714285,0.21428571428571427,0.0,0.07142857142857142,0.0,0.07142857142857142,0.14285714285714285
Raiders of the Lost Ark.txt,0.2824427480916031,0.1984732824427481,0.05343511450381679,0.007633587786259542,0.08396946564885496,0.007633587786259542,0.0,0.366412213740458
MASH (filme).txt,0.2,0.25,0.2,0.0,0.1,0.0,0.0,0.25
Pygmalion.txt,0.43478260869565216,0.2608695652173913,0.043478260869565216,0.0,0.08695652173913043,0.0,0.0,0.17391304347826086
O Tesouro de Sierra Madre.txt,0.24074074074074073,0.12962962962962962,0.12962962962962962,0.0,0.12962962962962962,0.0,0.0,0.37037037037037035
Darkest Hour (filme).txt,0.10526315789473684,0.5789473684210527,0.10526315789473684,0.0,0.10526315789473684,0.0,0.0,0.10526315789473684
Crossfire (filme).txt,0.46153846153846156,0.23076923076923078,0.07692307692307693,0.07692307692307693,0.07692307692307693,0.0,0.0,0.07692307692307693
L.A. Confidential.txt,0.4074074074074074,0.07407407407407407,0.2222222222222222,0.0,0.07407407407407407,0.0,0.0,0.2222222222222222
1917 (filme).txt,0.3263888888888889,0.125,0.10416666666666667,0.013888888888888888,0.041666666666666664,0.0,0.0,0.3888888888888889
O Expresso da Meia-Noite.txt,0.2692307692307692,0.19230769230769232,0.11538461538461539,0.0,0.038461538461538464,0.0,0.0,0.38461538461538464
Moonstruck.txt,0.2777777777777778,0.2222222222222222,0.0,0.0,0.16666666666666666,0.0,0.0,0.3333333333333333
Alfie.txt,0.3333333333333333,0.09523809523809523,0.14285714285714285,0.0,0.047619047619047616,0.0,0.0,0.38095238095238093
Boyhood.txt,0.47368421052631576,0.05263157894736842,0.15789473684210525,0.0,0.0,0.0,0.0,0.3157894736842105
Working Girl.txt,0.35036496350364965,0.10948905109489052,0.08759124087591241,0.0072992700729927005,0.06569343065693431,0.0,0.0,0.3795620437956204
Um Dia de Cão.txt,0.43333333333333335,0.03333333333333333,0.1,0.0,0.1,0.0,0.0,0.3333333333333333
A Grande Ilusão (1937).txt,0.23076923076923078,0.23076923076923078,0.15384615384615385,0.07692307692307693,0.0,0.0,0.0,0.3076923076923077
Joker (filme).txt,0.3283582089552239,0.1044776119402985,0.12686567164179105,0.0,0.05970149253731343,0.0,0.0,0.3805970149253731
A Canção de Bernadette.txt,0.24,0.44,0.04,0.0,0.12,0.0,0.0,0.16
Distrito 9.txt,0.3546099290780142,0.1702127659574468,0.07801418439716312,0.0,0.05673758865248227,0.0070921985815602835,0.0,0.3333333333333333
Black Panther (filme).txt,0.26573426573426573,0.25874125874125875,0.07692307692307693,0.0,0.055944055944055944,0.0,0.0,0.34265734265734266
Passagem para a Índia (filme).txt,0.3904109589041096,0.2054794520547945,0.06164383561643835,0.0,0.10273972602739725,0.0,0.0,0.23972602739726026
Bonnie and Clyde.txt,0.3670886075949367,0.20253164556962025,0.06329113924050633,0.0,0.08227848101265822,0.0,0.0,0.2848101265822785
Mutiny on the Bounty (1962).txt,0.3793103448275862,0.20689655172413793,0.034482758620689655,0.0,0.1724137931034483,0.034482758620689655,0.0,0.1724137931034483
Skippy.txt,0.38095238095238093,0.047619047619047616,0.11904761904761904,0.0,0.09523809523809523,0.0,0.0,0.35714285714285715
The Insider.txt,0.3333333333333333,0.0,0.26666666666666666,0.0,0.0,0.0,0.0,0.4
Mutiny on the Bounty (1935).txt,0.3333333333333333,0.18518518518518517,0.07407407407407407,0.0,0.14814814814814814,0.0,0.0,0.25925925925925924
Marriage Story.txt,0.4117647058823529,0.23529411764705882,0.17647058823529413,0.0,0.0,0.0,0.0,0.17647058823529413
Tom Jones (1963).txt,0.3181818181818182,0.13636363636363635,0.0,0.0,0.09090909090909091,0.0,0.0,0.45454545454545453
O Tigre e o Dragão (filme).txt,0.18181818181818182,0.09090909090909091,0.2727272727272727,0.0,0.13636363636363635,0.0,0.0,0.3181818181818182
Boys Town (filme).txt,0.21621621621621623,0.21621621621621623,0.10810810810810811,0.0,0.10810810810810811,0.0,0.0,0.35135135135135137
Dead End.txt,0.3185840707964602,0.168141592920354,0.13274336283185842,0.008849557522123894,0.11504424778761062,0.0,0.0,0.25663716814159293
A Favorita (filme).txt,0.3508771929824561,0.2807017543859649,0.03508771929824561,0.0,0.05263157894736842,0.017543859649122806,0.0,0.2631578947368421
O Lobo de Wall Street.txt,0.2469879518072289,0.3493975903614458,0.12048192771084337,0.006024096385542169,0.07228915662650602,0.0,0.0,0.20481927710843373
It Happened One Night.txt,0.3,0.4,0.06666666666666667,0.0,0.03333333333333333,0.0,0.0,0.2
Fargo (filme).txt,0.29310344827586204,0.29310344827586204,0.08620689655172414,0.0,0.10344827586206896,0.017241379310344827,0.0,0.20689655172413793
Tess (filme).txt,0.27848101265822783,0.10126582278481013,0.0759493670886076,0.0,0.1518987341772152,0.0,0.0,0.3924050632911392
The Deer Hunter.txt,0.2949640287769784,0.17266187050359713,0.08633093525179857,0.007194244604316547,0.12949640287769784,0.0,0.0,0.30935251798561153
The Great Ziegfeld.txt,0.3333333333333333,0.3333333333333333,0.16666666666666666,0.0,0.041666666666666664,0.0,0.041666666666666664,0.08333333333333333
The Departed.txt,0.3235294117647059,0.17647058823529413,0.08088235294117647,0.0,0.0661764705882353,0.0,0.0,0.35294117647058826
Elizabeth (filme).txt,0.19607843137254902,0.23529411764705882,0.11764705882352941,0.0,0.13725490196078433,0.0,0.0,0.3137254901960784
Of Mice and Men (1939).txt,0.2,0.05714285714285714,0.02857142857142857,0.0,0.2,0.05714285714285714,0.0,0.45714285714285713
Em Nome do Pai.txt,0.2857142857142857,0.22857142857142856,0.08571428571428572,0.0,0.08571428571428572,0.0,0.0,0.3142857142857143
Roma (filme de 2018).txt,0.41379310344827586,0.0896551724137931,0.11724137931034483,0.0,0.0896551724137931,0.0,0.0,0.2896551724137931
Horizonte Perdido (1937).txt,0.47058823529411764,0.17647058823529413,0.058823529411764705,0.0,0.058823529411764705,0.0,0.0,0.23529411764705882
Bohemian Rhapsody (filme).txt,0.3072289156626506,0.28313253012048195,0.0783132530120482,0.0,0.060240963855421686,0.0,0.0,0.2710843373493976
Kitty Foyle.txt,0.16666666666666666,0.375,0.0,0.0,0.0,0.0,0.0,0.4583333333333333
Viva Villa!.txt,0.25,0.23076923076923078,0.11538461538461539,0.0,0.09615384615384616,0.0,0.0,0.3076923076923077
Coal Miner's Daughter.txt,0.39473684210526316,0.10526315789473684,0.05263157894736842,0.0,0.15789473684210525,0.0,0.02631578947368421,0.2631578947368421
Love Affair (1939).txt,0.2857142857142857,0.07142857142857142,0.14285714285714285,0.0,0.07142857142857142,0.0,0.0,0.42857142857142855
Butch Cassidy and the Sundance Kid.txt,0.2653061224489796,0.24489795918367346,0.14285714285714285,0.02040816326530612,0.10204081632653061,0.0,0.0,0.22448979591836735
Oliver!.txt,0.28378378378378377,0.22972972972972974,0.10810810810810811,0.0,0.05405405405405406,0.013513513513513514,0.0,0.3108108108108108
E.T. O Extraterrestre.txt,0.3170731707317073,0.13008130081300814,0.08943089430894309,0.0,0.08130081300813008,0.0,0.0,0.3821138211382114
In Which We Serve.txt,0.23076923076923078,0.15384615384615385,0.19230769230769232,0.0,0.0,0.0,0.0,0.4230769230769231
Perdido em Marte.txt,0.34375,0.24375,0.08125,0.0,0.06875,0.0,0.0,0.2625
Adversidade.txt,0.35384615384615387,0.24615384615384617,0.07692307692307693,0.0,0.07692307692307693,0.0,0.0,0.24615384615384617
Picnic (filme).txt,0.379746835443038,0.22784810126582278,0.056962025316455694,0.0,0.056962025316455694,0.0,0.0,0.27848101265822783
No Calor da Noite (filme).txt,0.4117647058823529,0.23529411764705882,0.0,0.0,0.17647058823529413,0.0,0.0,0.17647058823529413
A Ponte do Rio Kwai.txt,0.34328358208955223,0.13432835820895522,0.05970149253731343,0.029850746268656716,0.08955223880597014,0.0,0.0,0.34328358208955223
"Boa Noite, e Boa Sorte.txt",0.23076923076923078,0.2692307692307692,0.19230769230769232,0.0,0.07692307692307693,0.0,0.0,0.23076923076923078
The Sting.txt,0.43478260869565216,0.043478260869565216,0.08695652173913043,0.0,0.08695652173913043,0.0,0.0,0.34782608695652173
Beleza Americana.txt,0.36428571428571427,0.12142857142857143,0.1,0.0,0.08571428571428572,0.0,0.0,0.32857142857142857
Django Unchained.txt,0.28346456692913385,0.1889763779527559,0.07086614173228346,0.0,0.10236220472440945,0.0,0.007874015748031496,0.3464566929133858
Women Talking.txt,0.14705882352941177,0.0,0.23529411764705882,0.0,0.08823529411764706,0.029411764705882353,0.0,0.5
The Lord of the Rings: The Fellowship of the Ring.txt,0.2677165354330709,0.2204724409448819,0.08661417322834646,0.015748031496062992,0.03937007874015748,0.0,0.0,0.3700787401574803
The Killing Fields.txt,0.2682926829268293,0.43902439024390244,0.04878048780487805,0.0,0.07317073170731707,0.0,0.0,0.17073170731707318
"Zorba, o Grego (filme).txt",0.352,0.072,0.088,0.0,0.088,0.0,0.0,0.4
The Nun's Story.txt,0.3076923076923077,0.20512820512820512,0.02564102564102564,0.0,0.1282051282051282,0.0,0.0,0.3333333333333333
O Beijo da Mulher Aranha.txt,0.38405797101449274,0.06521739130434782,0.07971014492753623,0.0,0.09420289855072464,0.0,0.0,0.37681159420289856
Pulp Fiction.txt,0.3129251700680272,0.17006802721088435,0.10204081632653061,0.0,0.06802721088435375,0.0,0.0,0.3469387755102041
The Lord of the Rings: The Return of the King.txt,0.21551724137931033,0.3103448275862069,0.04310344827586207,0.02586206896551724,0.034482758620689655,0.0,0.0,0.3706896551724138
Naughty Marietta.txt,0.2777777777777778,0.25,0.05555555555555555,0.0,0.08333333333333333,0.0,0.0,0.3333333333333333
Born on the Fourth of July.txt,0.30434782608695654,0.17391304347826086,0.13043478260869565,0.0,0.043478260869565216,0.0,0.0,0.34782608695652173
O Piano.txt,0.3137254901960784,0.17647058823529413,0.058823529411764705,0.0,0.11764705882352941,0.0,0.0196078431372549,0.3137254901960784
Ray (filme).txt,0.4418604651162791,0.11627906976744186,0.06976744186046512,0.0,0.13953488372093023,0.0,0.0,0.23255813953488372
Doctor Dolittle (1967).txt,0.11538461538461539,0.5384615384615384,0.07692307692307693,0.0,0.15384615384615385,0.0,0.0,0.11538461538461539
O Último Imperador.txt,0.3880597014925373,0.14925373134328357,0.04477611940298507,0.014925373134328358,0.08955223880597014,0.0,0.0,0.31343283582089554
An American in Paris.txt,0.3333333333333333,0.24242424242424243,0.0,0.0,0.030303030303030304,0.0,0.0,0.3939393939393939
Avatar (filme).txt,0.36054421768707484,0.21768707482993196,0.08163265306122448,0.0,0.061224489795918366,0.0,0.0,0.2789115646258503
Extremely Loud and Incredibly Close.txt,0.3103448275862069,0.1724137931034483,0.1724137931034483,0.0,0.0,0.0,0.0,0.3448275862068966
My Fair Lady.txt,0.25,0.22727272727272727,0.18181818181818182,0.0,0.1590909090909091,0.0,0.0,0.18181818181818182
There Will Be Blood.txt,0.38235294117647056,0.17647058823529413,0.029411764705882353,0.0,0.029411764705882353,0.0,0.0,0.38235294117647056
O Expresso de Xangai.txt,0.27722772277227725,0.26732673267326734,0.0891089108910891,0.0,0.09900990099009901,0.0,0.0,0.26732673267326734
A Streetcar Named Desire.txt,0.4157303370786517,0.10112359550561797,0.07865168539325842,0.0,0.10112359550561797,0.0,0.0,0.30337078651685395
O Aviador.txt,0.19047619047619047,0.14285714285714285,0.14285714285714285,0.0,0.09523809523809523,0.0,0.0,0.42857142857142855
Melhor É Impossível.txt,0.30666666666666664,0.24,0.08,0.0,0.12,0.013333333333333334,0.0,0.24
The Bishop's Wife.txt,0.27741935483870966,0.13548387096774195,0.05806451612903226,0.0,0.13548387096774195,0.0,0.0,0.3935483870967742
Good Will Hunting.txt,0.3157894736842105,0.05263157894736842,0.18421052631578946,0.0,0.05263157894736842,0.0,0.0,0.39473684210526316
Braveheart.txt,0.42718446601941745,0.0970873786407767,0.06796116504854369,0.0,0.1262135922330097,0.0,0.0,0.2815533980582524
Everything Everywhere All at Once.txt,0.2857142857142857,0.1292517006802721,0.10204081632653061,0.0,0.1292517006802721,0.0,0.0,0.35374149659863946
Little Miss Sunshine.txt,0.3425925925925926,0.24074074074074073,0.05555555555555555,0.0,0.1388888888888889,0.0,0.0,0.2222222222222222
The Alamo (1960).txt,0.21666666666666667,0.35,0.03333333333333333,0.0,0.1,0.0,0.0,0.3
Trader Horn.txt,0.32142857142857145,0.2857142857142857,0.03571428571428571,0.0,0.14285714285714285,0.0,0.0,0.21428571428571427
Mrs. Miniver.txt,0.3333333333333333,0.21296296296296297,0.08333333333333333,0.0,0.1111111111111111,0.0,0.0,0.25925925925925924
Top Hat.txt,0.27586206896551724,0.3448275862068966,0.0,0.0,0.0,0.0,0.034482758620689655,0.3448275862068966
A Soldier's Story.txt,0.20945945945945946,0.21621621621621623,0.11486486486486487,0.0,0.08783783783783784,0.0,0.006756756756756757,0.36486486486486486
Awakenings.txt,0.5,0.05555555555555555,0.1111111111111111,0.0,0.05555555555555555,0.0,0.0,0.2777777777777778
O Fugitivo (1993).txt,0.37857142857142856,0.16428571428571428,0.05714285714285714,0.0,0.07142857142857142,0.0,0.0,0.32857142857142857
Peyton Place (filme).txt,0.5,0.16666666666666666,0.08333333333333333,0.0,0.25,0.0,0.0,0.0
De Ilusão Também Se Vive.txt,0.22826086956521738,0.2391304347826087,0.09782608695652174,0.0,0.07608695652173914,0.0,0.0,0.358695652173913
Atração Fatal.txt,0.3541666666666667,0.0763888888888889,0.041666666666666664,0.0,0.10416666666666667,0.006944444444444444,0.0,0.4166666666666667
Capote.txt,0.3888888888888889,0.3333333333333333,0.05555555555555555,0.0,0.05555555555555555,0.0,0.0,0.16666666666666666
Mississípi em Chamas.txt,0.35714285714285715,0.14285714285714285,0.2857142857142857,0.0,0.07142857142857142,0.0,0.0,0.14285714285714285
Unforgiven.txt,0.3230769230769231,0.14615384615384616,0.05384615384615385,0.0,0.1076923076923077,0.0,0.0,0.36923076923076925
A Conquista do Oeste.txt,0.3564356435643564,0.19801980198019803,0.13861386138613863,0.0,0.06930693069306931,0.0,0.0,0.2376237623762376
The Red Shoes.txt,0.42857142857142855,0.14285714285714285,0.0,0.0,0.07142857142857142,0.0,0.0,0.35714285714285715
Grande Hotel (filme).txt,0.3,0.3,0.04,0.0,0.1,0.0,0.0,0.26
Consciências Mortas.txt,0.24752475247524752,0.1188118811881188,0.16831683168316833,0.0,0.0594059405940594,0.0,0.0,0.40594059405940597
The Revenant.txt,0.3225806451612903,0.3225806451612903,0.03225806451612903,0.0,0.03225806451612903,0.0,0.0,0.2903225806451613
The Private Life of Henry VIII.txt,0.16129032258064516,0.41935483870967744,0.0,0.0,0.0,0.0,0.0,0.41935483870967744
7th Heaven (1927).txt,0.24,0.24,0.12,0.0,0.04,0.0,0.0,0.36
Here Comes Mr. Jordan.txt,0.4166666666666667,0.16666666666666666,0.0,0.0,0.08333333333333333,0.0,0.0,0.3333333333333333
My Left Foot.txt,0.5,0.1111111111111111,0.05555555555555555,0.0,0.16666666666666666,0.0,0.0,0.16666666666666666
Lost in Translation.txt,0.3076923076923077,0.08653846153846154,0.14423076923076922,0.0,0.11538461538461539,0.0,0.0,0.34615384615384615
Funny Girl.txt,0.35374149659863946,0.10884353741496598,0.034013605442176874,0.006802721088435374,0.10884353741496598,0.0,0.0,0.3877551020408163
Test Pilot.txt,0.3333333333333333,0.1111111111111111,0.027777777777777776,0.0,0.1388888888888889,0.027777777777777776,0.0,0.3611111111111111
Coming Home (1978).txt,0.2,0.2,0.06666666666666667,0.0,0.06666666666666667,0.0,0.0,0.4666666666666667
O Homem Elefante.txt,0.2734375,0.171875,0.0859375,0.0,0.0859375,0.0,0.0,0.3828125
Tender Mercies.txt,0.5,0.0,0.08333333333333333,0.0,0.08333333333333333,0.0,0.0,0.3333333333333333
Traffic (filme).txt,0.423728813559322,0.15254237288135594,0.0847457627118644,0.01694915254237288,0.06779661016949153,0.0,0.0,0.2542372881355932
Nomadland.txt,0.47619047619047616,0.19047619047619047,0.047619047619047616,0.0,0.14285714285714285,0.0,0.0,0.14285714285714285
Chicago (filme de 2002).txt,0.3208955223880597,0.1044776119402985,0.07462686567164178,0.0,0.08955223880597014,0.0,0.007462686567164179,0.40298507462686567
A Missão.txt,0.39285714285714285,0.07142857142857142,0.17857142857142858,0.0,0.07142857142857142,0.0,0.0,0.2857142857142857
Ligações Perigosas (filme).txt,0.36363636363636365,0.09090909090909091,0.03305785123966942,0.0,0.08264462809917356,0.0,0.0,0.4297520661157025
A Farewell to Arms (1932).txt,0.2553191489361702,0.3191489361702128,0.02127659574468085,0.0,0.0425531914893617,0.0,0.0,0.3617021276595745
Ordinary People.txt,0.39285714285714285,0.07142857142857142,0.07142857142857142,0.0,0.03571428571428571,0.0,0.0,0.42857142857142855
West Side Story (1961).txt,0.3333333333333333,0.20512820512820512,0.15384615384615385,0.05128205128205128,0.07692307692307693,0.0,0.0,0.1794871794871795
Mad Max: Estrada da Fúria.txt,0.27450980392156865,0.29411764705882354,0.0196078431372549,0.0,0.0784313725490196,0.0,0.0196078431372549,0.3137254901960784
The Life of Emile Zola.txt,0.45161290322580644,0.1935483870967742,0.03225806451612903,0.0,0.03225806451612903,0.0,0.0,0.2903225806451613
The Philadelphia Story.txt,0.48333333333333334,0.16666666666666666,0.05,0.0,0.05,0.0,0.0,0.25
Lenny (filme).txt,0.5333333333333333,0.13333333333333333,0.13333333333333333,0.0,0.0,0.0,0.0,0.2
Whiplash (filme).txt,0.28205128205128205,0.2564102564102564,0.07692307692307693,0.02564102564102564,0.1282051282051282,0.0,0.02564102564102564,0.20512820512820512
Taxi Driver.txt,0.37012987012987014,0.09740259740259741,0.06493506493506493,0.012987012987012988,0.09090909090909091,0.0,0.0,0.36363636363636365
Driving Miss Daisy.txt,0.3425925925925926,0.1574074074074074,0.037037037037037035,0.0,0.10185185185185185,0.0,0.009259259259259259,0.35185185185185186
Ben-Hur.txt,0.31654676258992803,0.11510791366906475,0.05755395683453238,0.007194244604316547,0.1079136690647482,0.007194244604316547,0.007194244604316547,0.381294964028777
Five Easy Pieces.txt,0.35947712418300654,0.16993464052287582,0.0457516339869281,0.0,0.0718954248366013,0.0,0.0,0.35294117647058826
Lincoln (filme).txt,0.24,0.128,0.112,0.016,0.112,0.0,0.0,0.392
Lady for a Day.txt,0.3108108108108108,0.20270270270270271,0.08108108108108109,0.013513513513513514,0.12162162162162163,0.0,0.013513513513513514,0.25675675675675674
Love Story (1970).txt,0.35714285714285715,0.03571428571428571,0.03571428571428571,0.0,0.10714285714285714,0.0,0.0,0.4642857142857143
Selma (filme).txt,0.13253012048192772,0.43373493975903615,0.12048192771084337,0.012048192771084338,0.03614457831325301,0.012048192771084338,0.0,0.25301204819277107
Alma em Suplício.txt,0.23684210526315788,0.2894736842105263,0.02631578947368421,0.0,0.10526315789473684,0.0,0.0,0.34210526315789475
Call Me by Your Name.txt,0.3858267716535433,0.06299212598425197,0.07086614173228346,0.0,0.11023622047244094,0.0,0.0,0.3700787401574803
Ford v Ferrari.txt,0.2459016393442623,0.2459016393442623,0.13114754098360656,0.0,0.06557377049180328,0.0,0.0,0.3114754098360656
Z (filme).txt,0.4444444444444444,0.1111111111111111,0.2222222222222222,0.0,0.0,0.0,0.0,0.2222222222222222
The Curious Case of Benjamin Button.txt,0.30344827586206896,0.23448275862068965,0.06896551724137931,0.006896551724137931,0.027586206896551724,0.0,0.006896551724137931,0.35172413793103446
The Godfather Part III.txt,0.3006535947712418,0.27450980392156865,0.0457516339869281,0.0,0.058823529411764705,0.0,0.0,0.3202614379084967
A Letter to Three Wives.txt,0.25,0.0,0.1875,0.0,0.0625,0.0,0.0,0.5
Beauty and the Beast (filme de 1991).txt,0.3546099290780142,0.06382978723404255,0.09219858156028368,0.0,0.14184397163120568,0.0,0.0,0.3475177304964539
Wuthering Heights (filme de 1939).txt,0.38461538461538464,0.09230769230769231,0.03076923076923077,0.0,0.06153846153846154,0.015384615384615385,0.0,0.4153846153846154
A Rede Social.txt,0.32116788321167883,0.2116788321167883,0.10218978102189781,0.0,0.08029197080291971,0.0,0.0,0.2846715328467153
Doutor Jivago (filme).txt,0.391304347826087,0.10869565217391304,0.057971014492753624,0.0,0.10869565217391304,0.0,0.0,0.3333333333333333
Casablanca (filme).txt,0.22105263157894736,0.2736842105263158,0.12631578947368421,0.021052631578947368,0.14736842105263157,0.0,0.0,0.21052631578947367
O Bom Pastor (1944).txt,0.5714285714285714,0.0,0.0,0.0,0.14285714285714285,0.0,0.0,0.2857142857142857
The Caine Mutiny.txt,0.625,0.0,0.0,0.0,0.125,0.0,0.0,0.25
Henrique V (filme de 1944).txt,0.16129032258064516,0.2903225806451613,0.12903225806451613,0.0,0.12903225806451613,0.03225806451612903,0.0,0.25806451612903225
Shakespeare in Love.txt,0.2909090909090909,0.2545454545454545,0.05454545454545454,0.0,0.07272727272727272,0.0,0.0,0.32727272727272727
Dr. Strangelove or: How I Learned to Stop Worrying and Love the Bomb.txt,0.15384615384615385,0.38461538461538464,0.11538461538461539,0.0,0.07692307692307693,0.0,0.0,0.2692307692307692
Alice Adams.txt,0.38461538461538464,0.07692307692307693,0.0,0.0,0.38461538461538464,0.0,0.0,0.15384615384615385
The Turning Point (1977).txt,0.30952380952380953,0.16666666666666666,0.047619047619047616,0.0,0.11904761904761904,0.0,0.0,0.35714285714285715
